Scrape template (copy/paste),,,,
# Python 3.11+ template: build a 500+ luxury vendor longlist from public directories,,,,
# Notes:,,,,
# - Use requests + BeautifulSoup (bs4) + pandas,,,,
"# - Start from a directory page that lists many properties, then follow each 'Discover' link",,,,
"# - Extract: name, type (hotel/restaurant/spa/cruise), location, phone, email, website, contact page URL",,,,
# - Respect robots.txt and add polite delays; cache responses.,,,,
,,,,
import re,,,,
import time,,,,
import requests,,,,
import pandas as pd,,,,
from bs4 import BeautifulSoup,,,,
,,,,
HEADERS = {,,,,
"    ""User-Agent"": ""Mozilla/5.0 (compatible; LuxuryVendorResearch/1.0; +contact@example.com)""",,,,
},,,,
,,,,
def get_soup(url: str) -> BeautifulSoup:,,,,
"    r = requests.get(url, headers=HEADERS, timeout=30)",,,,
    r.raise_for_status(),,,,
"    return BeautifulSoup(r.text, ""html.parser"")",,,,
,,,,
def extract_contact(text: str) -> dict:,,,,
"    emails = sorted(set(re.findall(r""[A-Z0-9._%+-]+@[A-Z0-9.-]+\.[A-Z]{2,}"", text, flags=re.I)))",,,,
"    phones = sorted(set(re.findall(r""(\+?\d[\d\s().-]{7,}\d)"", text)))",,,,
"    return {""emails"": emails, ""phones"": phones}",,,,
,,,,
def scrape_relaischateaux_over_the_world(max_items: int = 500) -> pd.DataFrame:,,,,
    items = [],,,,
    page = 1,,,,
    while len(items) < max_items:,,,,
"        url = f""https://www.relaischateaux.com/us/destinations/over-the-world/?page={page}""",,,,
        soup = get_soup(url),,,,
,,,,
        # TODO: update selectors once you inspect the live HTML:,,,,
"        # Find 'Discover' links in result cards, follow them, parse contact info",,,,
"        # for a in soup.select('a[href*=""/us/hotel/""], a[href*=""/us/restaurant/""], a[href*=""/us/spa/""]'):",,,,
"        #    detail_url = a[""href""] if a[""href""].startswith(""http"") else ""https://www.relaischateaux.com"" + a[""href""]",,,,
        #    ...,,,,
,,,,
        page += 1,,,,
        time.sleep(1.0),,,,
,,,,
    return pd.DataFrame(items).head(max_items),,,,
,,,,
"if __name__ == ""__main__"":",,,,
    df = scrape_relaischateaux_over_the_world(500),,,,
"    df.to_csv(""luxury_vendor_longlist.csv"", index=False)",,,,